<PAMDataset>
  <Metadata>
    <MDI key="DataType">Generic</MDI>
  </Metadata>
  <PAMRasterBand band="1">
    <Description>Band_1</Description>
    <Histograms>
      <HistItem>
        <HistMin>0.02433973178267479</HistMin>
        <HistMax>1.25984251499176</HistMax>
        <BucketCount>256</BucketCount>
        <IncludeOutOfRange>1</IncludeOutOfRange>
        <Approximate>0</Approximate>
        <HistCounts>671|0|1|0|0|183|0|0|0|1|0|0|0|0|0|0|1|0|2|0|0|0|0|0|1|0|0|0|0|0|0|0|0|0|0|0|0|0|0|0|0|0|0|0|0|0|0|46|0|28|1|0|1|0|0|2352|0|0|0|0|0|0|0|19|0|0|0|0|0|0|2474|0|7|0|13|11|30|0|0|2|0|62|84|0|2|1|0|5|2023|0|8|26|0|4189|7038|0|0|0|0|0|0|0|0|0|0|0|95|0|0|139|1|0|0|0|0|0|0|0|0|0|0|0|0|0|0|1762|0|0|0|0|0|0|0|0|0|0|0|0|0|0|205|0|0|0|0|0|0|0|1|0|0|0|0|0|0|0|1|0|0|0|0|0|0|0|0|0|0|0|0|0|1|0|0|0|0|0|0|0|0|0|0|0|0|0|0|0|0|0|0|0|0|0|0|0|0|0|0|0|0|0|1|0|0|0|0|0|0|17|0|0|0|0|0|0|0|0|0|0|0|0|0|0|0|0|0|0|0|0|0|0|0|0|0|0|0|0|0|0|0|0|0|0|0|0|0|0|0|0|0|0|0|0|0|0|20|1774</HistCounts>
      </HistItem>
    </Histograms>
    <Metadata>
      <MDI key="BandName">Band_1</MDI>
      <MDI key="RepresentationType">ATHEMATIC</MDI>
      <MDI key="STATISTICS_COVARIANCES">0.06139192903963972</MDI>
      <MDI key="STATISTICS_EXCLUDEDVALUES"></MDI>
      <MDI key="STATISTICS_MAXIMUM">1.2598425149918</MDI>
      <MDI key="STATISTICS_MEAN">0.50340796792223</MDI>
      <MDI key="STATISTICS_MEDIAN">0.474935</MDI>
      <MDI key="STATISTICS_MINIMUM">0.024339731782675</MDI>
      <MDI key="STATISTICS_SKIPFACTORX">1</MDI>
      <MDI key="STATISTICS_SKIPFACTORY">1</MDI>
      <MDI key="STATISTICS_STDDEV">0.24777394745945</MDI>
    </Metadata>
  </PAMRasterBand>
</PAMDataset>
